{
	"texture_size": [64, 96],
	"textures": {
		"3": "dungeondodge:item/christmas_hat/texture",
		"particle": "dungeondodge:item/christmas_hat/texture"	
		},
	"elements": [
		{
			"from": [2.5, 2, 3.5],
			"to": [12.5, 6, 13.5],
			"rotation": {"angle": 0, "axis": "y", "origin": [3.75, 5, 4.75]},
			"faces": {
				"north": {"uv": [10.5, 10.66667, 13, 11.33333], "texture": "#3"},
				"east": {"uv": [10.5, 11.33333, 13, 12], "texture": "#3"},
				"south": {"uv": [10.5, 12, 13, 12.66667], "texture": "#3"},
				"west": {"uv": [10.5, 12.66667, 13, 13.33333], "texture": "#3"},
				"up": {"uv": [10.5, 12.33333, 8, 10.66667], "texture": "#3"},
				"down": {"uv": [10.5, 12.33333, 8, 14], "texture": "#3"}
			}
		},
		{
			"from": [4, 1.75, 5.25],
			"to": [11, 7.75, 12.25],
			"rotation": {"angle": -22.5, "axis": "x", "origin": [3.5, 4.75, 4.5]},
			"faces": {
				"north": {"uv": [10.5, 11, 12.25, 12], "texture": "#3"},
				"east": {"uv": [10.75, 11, 12.5, 12], "texture": "#3"},
				"south": {"uv": [10.75, 12, 12.5, 13], "texture": "#3"},
				"west": {"uv": [10.75, 11.16667, 12.5, 12.16667], "texture": "#3"},
				"up": {"uv": [12.75, 12.5, 11, 11.33333], "texture": "#3"},
				"down": {"uv": [12.25, 11, 10.5, 12.16667], "texture": "#3"}
			}
		},
		{
			"from": [6, 5, 7.25],
			"to": [9, 10, 10.25],
			"rotation": {"angle": -45, "axis": "x", "origin": [4.95, 6, 4.85]},
			"faces": {
				"north": {"uv": [10.75, 11.33333, 11.5, 12.33333], "texture": "#3"},
				"east": {"uv": [10.75, 11.16667, 11.75, 12.16667], "texture": "#3"},
				"south": {"uv": [11.25, 11.16667, 12, 12.16667], "texture": "#3"},
				"west": {"uv": [11, 11.33333, 12, 12.33333], "texture": "#3"},
				"up": {"uv": [12.75, 12.16667, 12, 11.5], "texture": "#3"},
				"down": {"uv": [11, 10.66667, 10.25, 11.33333], "texture": "#3"}
			}
		},
		{
			"from": [5.99, 6.74, 3.99],
			"to": [9.01, 9.76, 7.01],
			"light_emission": 15,
			"rotation": {"angle": -45, "axis": "x", "origin": [4.75, 6.5, 0.35]},
			"faces": {
				"north": {"uv": [0, 10.66667, 3, 12.66667], "texture": "#3"},
				"east": {"uv": [0, 11.66667, 1.5, 12.66667], "texture": "#3"},
				"south": {"uv": [1.5, 10.66667, 3, 11.66667], "texture": "#3"},
				"west": {"uv": [1.5, 11.66667, 3, 12.66667], "texture": "#3"},
				"up": {"uv": [1.5, 13.66667, 0, 12.66667], "texture": "#3"},
				"down": {"uv": [4.5, 10.66667, 3, 11.66667], "texture": "#3"}
			}
		},
		{
			"from": [1, 0, 1],
			"to": [14, 2, 15],
			"faces": {
				"north": {"uv": [0, 4.66667, 6.5, 5.33333], "texture": "#3"},
				"east": {"uv": [0, 4.66667, 7, 5.33333], "texture": "#3"},
				"south": {"uv": [0, 4.66667, 6.5, 5.33333], "texture": "#3"},
				"west": {"uv": [0, 4.66667, 7, 5.33333], "texture": "#3"},
				"up": {"uv": [6.5, 4.66667, 0, 0], "texture": "#3"},
				"down": {"uv": [13, 0, 6.5, 4.66667], "texture": "#3"}
			}
		}
	],
	"display": {
		"thirdperson_righthand": {
			"rotation": [0, -180, 0],
			"translation": [0, 4.25, 2],
			"scale": [0.69, 0.58, 0.65]
		},
		"thirdperson_lefthand": {
			"rotation": [0, -180, 0],
			"translation": [0, 4.25, 2],
			"scale": [0.69, 0.58, 0.65]
		},
		"firstperson_righthand": {
			"rotation": [0, -180, 0]
		},
		"firstperson_lefthand": {
			"rotation": [0, -180, 0]
		},
		"ground": {
			"translation": [0, 3, 0]
		},
		"gui": {
			"rotation": [0, 90, 0]
		},
		"head": {
			"rotation": [40, -180, 0],
			"translation": [-0.75, 10, 7.25],
			"scale": [1.5, 1.5, 1.5]
		},
		"fixed": {
			"rotation": [0, -90, 0]
		}
	}
}