{
	"texture_size": [64, 64],
	"textures": {
		"0": "dungeondodge:item/corsairs_hat/texture",
		"particle": "dungeondodge:item/corsairs_hat/texture"
	},
	"elements": [
		{
			"from": [3, 0, 5],
			"to": [3, 5, 13],
			"rotation": {"angle": 0, "axis": "y", "origin": [3, 0, 3]},
			"faces": {
				"north": {"uv": [0.24242, 0.24242, 0.24242, 5.09091], "texture": "#0"},
				"east": {"uv": [5.25, 2.75, 7.25, 4], "texture": "#0"},
				"south": {"uv": [0.24242, 0.24242, 0.24242, 5.09091], "texture": "#0"},
				"west": {"uv": [5.21212, 2.65909, 7.2197, 4.00758], "texture": "#0"},
				"up": {"uv": [0.24242, 0.24242, 0.24242, 9.93939], "texture": "#0"},
				"down": {"uv": [0.24242, 0.24242, 0.24242, 9.93939], "texture": "#0"}
			}
		},
		{
			"from": [3, 0, 3],
			"to": [13, 0, 13],
			"rotation": {"angle": 0, "axis": "y", "origin": [9, 0, 8]},
			"faces": {
				"north": {"uv": [3.99242, 12.24242, 13.68939, 14.24242], "texture": "#0"},
				"east": {"uv": [0.24242, 0.24242, 9.93939, 0.24242], "texture": "#0"},
				"south": {"uv": [0.24242, 0.24242, 9.93939, 0.24242], "texture": "#0"},
				"west": {"uv": [0.24242, 0.24242, 9.93939, 0.24242], "texture": "#0"},
				"up": {"uv": [5, 0.25, 7.5, 2.5], "rotation": 180, "texture": "#0"},
				"down": {"uv": [5, 0.25, 7.5, 2.5], "rotation": 180, "texture": "#0"}
			}
		},
		{
			"from": [4, 0, 4],
			"to": [12, 4, 13],
			"rotation": {"angle": 0, "axis": "y", "origin": [10, 10, 4]},
			"faces": {
				"north": {"uv": [2, 6, 4, 7], "texture": "#0"},
				"east": {"uv": [0, 6, 2, 7], "texture": "#0"},
				"south": {"uv": [6, 6, 8, 7], "texture": "#0"},
				"west": {"uv": [4, 6, 6, 7], "texture": "#0"},
				"up": {"uv": [2, 4, 4, 6], "texture": "#0"},
				"down": {"uv": [0, 0, 0, 0], "texture": "#0"}
			}
		},
		{
			"from": [3, 0, 3],
			"to": [13, 6, 3],
			"rotation": {"angle": 0, "axis": "y", "origin": [6, 0, 3]},
			"faces": {
				"north": {"uv": [2.5, 2.5, 5, 4], "texture": "#0"},
				"east": {"uv": [0.24242, 0.24242, 0.24242, 6.06061], "texture": "#0"},
				"south": {"uv": [2.5, 2.5, 5, 4], "texture": "#0"},
				"west": {"uv": [0.24242, 0.24242, 0.24242, 6.06061], "texture": "#0"},
				"up": {"uv": [0.24242, 0.24242, 9.93939, 0.24242], "texture": "#0"},
				"down": {"uv": [0.24242, 0.24242, 9.93939, 0.24242], "texture": "#0"}
			}
		},
		{
			"from": [13, 0, 5],
			"to": [13, 5, 13],
			"rotation": {"angle": 0, "axis": "y", "origin": [13, 0, 5]},
			"faces": {
				"north": {"uv": [0.24242, 0.24242, 0.24242, 5.09091], "texture": "#0"},
				"east": {"uv": [0.25, 2.75, 2.25, 4], "texture": "#0"},
				"south": {"uv": [0.24242, 0.24242, 0.24242, 5.09091], "texture": "#0"},
				"west": {"uv": [0.25, 2.75, 2.25, 4], "texture": "#0"},
				"up": {"uv": [0.24242, 0.24242, 0.24242, 8], "texture": "#0"},
				"down": {"uv": [0.24242, 0.24242, 0.24242, 8], "texture": "#0"}
			}
		}
	],
	"display": {
		"thirdperson_righthand": {
			"translation": [0, 4, 0],
			"scale": [0.5, 0.5, 0.5]
		},
		"thirdperson_lefthand": {
			"translation": [0, 4, 0],
			"scale": [0.5, 0.5, 0.5]
		},
		"firstperson_righthand": {
			"translation": [0, 7.5, 0]
		},
		"firstperson_lefthand": {
			"translation": [0, 7.5, 0]
		},
		"ground": {
			"translation": [0, 4, 0]
		},
		"gui": {
			"rotation": [0, 180, 0],
			"translation": [0, 7.75, 0],
			"scale": [1.5, 1.5, 1.5]
		},
		"head": {
			"translation": [0, 19.75, 0],
			"scale": [2, 2, 2]
		},
		"fixed": {
			"translation": [0, 9.25, 0],
			"scale": [1.75, 1.75, 1.75]
		}
	},
	"groups": [
		{
			"name": "group",
			"origin": [13, 0, 5],
			"color": 0,
			"children": [0, 1, 2, 3, 4]
		}
	]
}